Crop_name,Temperature,Rainfall,Soil_type,Yield,PH,Crop_type,State
Pulses,43.53,759.77,Laterite,25.94,12.46,Zaid,Manipur
Barley,26.87,949.35,Loamy,94.96,5.96,Rabi,UttarPradesh
Cotton,41.25,249.87,Loamy,6.94,4.17,Zaid,Maharashtra
Barley,19.48,114.79,Peat,54.92,12.73,Kharif,Mizoram
Maize,29.65,226.91,Black,14.93,6.41,Rabi,Bihar
Maize,34.62,301.21,Black,96.9,6.57,Rabi,Jharkhand
Cotton,12.02,313.38,Saline,76.05,5.29,Rabi,Telangana
Barley,31.59,986.71,Sandy,54.85,5.72,Rabi,Odisha
Wheat,10.9,174.88,Red,38.62,3.92,Kharif,Meghalaya
Cotton,44.65,339.55,Clay,66.16,6.78,Kharif,Maharashtra
Vegetables,22.56,783.07,Red,30.78,9.3,Rabi,Maharashtra
Oilseeds,40.33,865.74,Sandy,71.8,1.79,Rabi,Tripura
Wheat,13.18,368.62,Saline,47.85,5.33,Zaid,Karnataka
Oilseeds,31.16,790.14,Black,17.22,5.58,Zaid,Uttarakhand
Cotton,23.04,577.87,Black,93.45,13.14,Kharif,Assam
Maize,32.41,45.8,Clay,42.22,11.83,Kharif,HimachalPradesh
Oilseeds,1.22,208,Black,47.59,6.23,Rabi,UttarPradesh
Rice,42.83,486.86,Laterite,45.78,6.94,Rabi,Odisha
Wheat,10.61,542.02,Red,35.16,7.14,Rabi,Bihar
Pulses,19.67,298.58,Black,29.06,12.94,Zaid,Odisha
Sugarcane,5.1,906.94,Red,80.48,5.35,Rabi,Bihar
Pulses,17.11,414,Saline,51.08,9.25,Zaid,Punjab
Rice,34.72,204.89,Clay,3.02,1.22,Kharif,Mizoram
Fruits,24.54,576.43,Black,63.34,6.85,Rabi,Assam
Fruits,19.43,279.08,Laterite,17.46,7.08,Zaid,West Bengal.
Fruits,1.45,774.88,Sandy,35.72,4.51,Kharif,ArunachalPradesh
Sugarcane,36.27,666.07,Loamy,97.17,8.64,Zaid,Telangana
Wheat,44.43,532.05,Sandy,46.42,1.67,Rabi,AndhraPradesh
Vegetables,13.97,877.31,Laterite,77.6,13.5,Rabi,Uttarakhand
Oilseeds,41.34,488.17,Peat,66.58,7.22,Zaid,Goa
Maize,13.13,137.67,Loamy,69.18,6.69,Kharif,Odisha
Vegetables,31.7,539.85,Loamy,48.93,10.5,Rabi,Manipur
Rice,17.47,278.52,Black,23.07,3.77,Rabi,Goa
Cotton,21.19,567.31,Loamy,37.83,1.03,Rabi,Mizoram
Cotton,42.34,797.16,Clay,68.64,2.88,Zaid,MadhyaPradesh
Barley,16.17,996.48,Alluvial,63.43,11.18,Kharif,Rajasthan
Pulses,4.44,328.75,Alluvial,99.66,4.77,Kharif,Telangana
Rice,2.91,636.7,Clay,89.68,11.56,Kharif,Karnataka
Maize,42.69,516.31,Saline,89.6,8.04,Rabi,HimachalPradesh
Rice,8.48,52.72,Alluvial,24.49,2.64,Kharif,Meghalaya
Oilseeds,15.45,878.04,Black,44.95,9.36,Zaid,Nagaland
Wheat,48.48,680.99,Red,41.28,13.31,Kharif,Bihar
Pulses,21.08,309.67,Peat,1.95,4.63,Rabi,Kerala
Pulses,25.75,873.21,Loamy,15.36,6.69,Kharif,Goa
Barley,5.31,756.49,Peat,29.81,7.66,Rabi,Bihar
Wheat,46.35,95.96,Black,12.99,1.8,Kharif,Odisha
Cotton,36.98,587.73,Clay,18.06,4.89,Zaid,Nagaland
Vegetables,3.71,760.26,Alluvial,25.91,4.02,Rabi,Nagaland
Sugarcane,31.59,889.02,Sandy,69.99,8.32,Kharif,Rajasthan
Cotton,49.95,560.05,Clay,74.82,13.05,Zaid,Telangana
Barley,14.46,408.23,Alluvial,97.41,3.38,Rabi,Haryana
Maize,28.9,938.03,Alluvial,66.03,5.17,Zaid,Bihar
Cotton,11.11,865.08,Clay,15.48,13.33,Rabi,Bihar
Cotton,2.78,897.35,Black,15.54,2.13,Kharif,Odisha
Fruits,42.23,375.01,Black,59.16,0.48,Zaid,UttarPradesh
Oilseeds,30.07,222.9,Saline,23.59,5.82,Kharif,Mizoram
Oilseeds,22.9,637.81,Laterite,30.32,6.8,Zaid,HimachalPradesh
Fruits,26.12,272.97,Loamy,29.3,5.45,Rabi,Punjab
Fruits,45.67,973.85,Laterite,87.81,2.81,Zaid,Manipur
Maize,9.75,462.03,Peat,9.41,10.8,Zaid,West Bengal.
Wheat,6.53,223.74,Peat,68.14,6.16,Zaid,Meghalaya
Fruits,40.37,232.22,Saline,29.7,7.41,Kharif,Mizoram
Barley,22.98,648.88,Alluvial,80,10.51,Rabi,Assam
Rice,30.8,91.83,Saline,19.79,8.74,Zaid,AndhraPradesh
Barley,6.49,929.84,Loamy,49.51,6.15,Rabi,HimachalPradesh
Vegetables,7.74,108.98,Sandy,13.38,13.95,Rabi,Rajasthan
Wheat,1.46,970.78,Loamy,45.66,6.35,Rabi,Maharashtra
Vegetables,14.4,519.55,Sandy,6.2,3.7,Kharif,Mizoram
Barley,34.2,928.42,Black,68.22,10.32,Rabi,Karnataka
Fruits,19.3,837.44,Peat,44.41,8.07,Rabi,Mizoram
Barley,44.88,501.16,Red,82.99,12.15,Kharif,Nagaland
Wheat,26.2,122.44,Black,95.01,11.18,Rabi,Tamil Nadu
Maize,14.91,12.46,Clay,91.61,5.98,Rabi,Bihar
Cotton,1.01,531.04,Red,0.99,11.34,Kharif,Assam
Pulses,6.55,993.63,Black,29.9,4.71,Rabi,Sikkim
Maize,26.06,797.92,Loamy,57.25,7.29,Zaid,Haryana
Fruits,26.02,487.25,Alluvial,27.95,6.39,Zaid,Punjab
Oilseeds,35.59,475.78,Black,88.87,6.56,Rabi,HimachalPradesh
Maize,34.31,104.42,Laterite,69.99,1.67,Kharif,Mizoram
Fruits,29.24,322.56,Sandy,90.78,8.04,Zaid,West Bengal.
Cotton,40.16,410.17,Clay,71.8,3.07,Rabi,Haryana
Sugarcane,38.22,408.16,Laterite,70.15,12.4,Zaid,Manipur
Maize,19.84,183.92,Red,85.69,4.13,Kharif,HimachalPradesh
Cotton,1.08,682.42,Saline,79.07,0.7,Kharif,Goa
Barley,1.33,548.81,Loamy,58.13,0.31,Kharif,Kerala
Barley,49.64,780.86,Saline,83.13,13.77,Zaid,Meghalaya
Vegetables,5.28,690.77,Loamy,70.66,7.93,Kharif,Chhattisgarh
Rice,29.11,802.18,Peat,88.14,6.8,Rabi,Bihar
Maize,35.8,507.72,Sandy,44.41,7.8,Zaid,Punjab
Pulses,32.04,544.76,Peat,38.88,7.68,Kharif,Jharkhand
Wheat,45.04,152.33,Laterite,80.06,10.69,Kharif,Telangana
Cotton,15.54,247.01,Laterite,62.4,4.61,Zaid,Bihar
Fruits,13.38,325.8,Sandy,24.48,13.78,Rabi,Gujarat
Maize,29.44,286.76,Saline,19.12,3.84,Rabi,Tamil Nadu
Oilseeds,13.96,714.05,Saline,49.47,13.62,Rabi,Uttarakhand
Oilseeds,22.89,239.83,Saline,43.49,12.18,Zaid,Bihar
Oilseeds,8.87,629.47,Loamy,60.32,1.59,Kharif,Bihar
Maize,29.94,981.36,Saline,36.24,9.3,Rabi,AndhraPradesh
Maize,23.44,696.88,Black,9.74,1.5,Zaid,Uttarakhand
Fruits,27.23,252.64,Loamy,31.9,7.82,Rabi,Kerala
Wheat,26.51,497.97,Clay,23.88,8.01,Zaid,Jharkhand
Maize,36.09,632.73,Laterite,5.5,10.17,Kharif,Sikkim
Maize,11.55,638.65,Alluvial,45.5,10.64,Zaid,Manipur
Maize,14.21,821.97,Clay,61.12,10.26,Rabi,Odisha
Rice,3.44,252.09,Red,57.54,6.11,Rabi,Odisha
Sugarcane,24.75,55.13,Sandy,97.68,3.02,Zaid,HimachalPradesh
Fruits,43.27,901.74,Loamy,12.03,9.83,Kharif,UttarPradesh
Rice,13.63,735.4,Peat,27.72,13.56,Kharif,Manipur
Cotton,21.83,780.1,Clay,97.74,7.63,Rabi,Jharkhand
Maize,7.07,526.23,Loamy,87.72,7.76,Zaid,Chhattisgarh
Fruits,16.58,340.92,Saline,38.4,0.81,Zaid,Meghalaya
Sugarcane,19.63,355.88,Sandy,24.43,12.77,Kharif,Haryana
Cotton,46.11,796.58,Alluvial,84.81,1.08,Rabi,Meghalaya
Sugarcane,43.52,499.63,Red,67.22,4.63,Rabi,Assam
Maize,28.17,540.31,Black,62.51,10.61,Kharif,Bihar
Barley,12.71,602.47,Loamy,74.6,4.92,Rabi,Chhattisgarh
Cotton,16.27,220.09,Loamy,80.11,11.22,Rabi,Goa
Barley,21.25,834.75,Clay,87.93,2.05,Zaid,Sikkim
Barley,44.01,922.01,Saline,94.52,5.14,Rabi,Maharashtra
Sugarcane,37.36,478.84,Saline,95.79,1.13,Zaid,Meghalaya
Wheat,11.85,761.35,Saline,95.13,7.43,Kharif,Haryana
Maize,5.07,659.36,Sandy,64.94,4.74,Zaid,MadhyaPradesh
Barley,25.01,105.63,Alluvial,67.52,11.57,Rabi,Jharkhand
Rice,42.7,624.49,Loamy,94.97,13.11,Zaid,Sikkim
Fruits,22.99,182.92,Loamy,28.23,0.15,Zaid,ArunachalPradesh
Maize,35.01,396.02,Clay,47.92,11.89,Kharif,Meghalaya
Sugarcane,33.22,502.63,Peat,89.98,1.63,Kharif,Tripura
Vegetables,27.58,833.28,Black,16.4,5.82,Zaid,UttarPradesh
Oilseeds,22.01,86.41,Sandy,20.44,9.84,Rabi,Kerala
Fruits,12.72,781.21,Loamy,75.18,8.12,Kharif,Assam
Cotton,8.22,26.21,Alluvial,73.73,8.25,Rabi,Assam
Fruits,2.53,59.41,Red,1.93,8.79,Rabi,ArunachalPradesh
Fruits,6.69,335.34,Saline,79.38,6.44,Kharif,Uttarakhand
Fruits,37.24,66.7,Sandy,8.52,3.59,Rabi,Gujarat
Barley,13.18,883.93,Saline,2.99,3.87,Zaid,Tripura
Vegetables,23.36,543.99,Red,12.16,10.64,Kharif,Odisha
Barley,49.71,52.23,Alluvial,2.01,0.15,Kharif,Nagaland
Pulses,10.36,202.81,Sandy,3.23,0.68,Kharif,Meghalaya
Sugarcane,39.57,570.59,Clay,53.28,9.29,Kharif,HimachalPradesh
Rice,6.46,384.75,Loamy,12.35,2.62,Kharif,Tripura
Oilseeds,0,152.49,Loamy,66.73,11.14,Zaid,HimachalPradesh
Cotton,42.07,449.44,Peat,53.75,12.69,Rabi,Maharashtra
Oilseeds,10.26,745.66,Saline,49.58,12.89,Kharif,Maharashtra
Vegetables,10.46,227.34,Alluvial,76.19,5.86,Zaid,Gujarat
Maize,30.63,557.68,Loamy,23.04,8.6,Kharif,ArunachalPradesh
Fruits,27.93,11.88,Sandy,80.85,12.67,Zaid,West Bengal.
Fruits,43.36,829.64,Laterite,86.88,11.77,Kharif,Uttarakhand
Pulses,2.8,369.96,Peat,90.66,1.93,Zaid,West Bengal.
Sugarcane,20.81,385.64,Alluvial,63.61,10.99,Zaid,Bihar
Sugarcane,31.67,148.99,Peat,93.58,5.94,Kharif,Goa
Fruits,25.41,77.99,Clay,48.54,9.06,Zaid,UttarPradesh
Rice,14.71,243.51,Red,38.74,3.2,Zaid,Telangana
Oilseeds,45.41,246.5,Clay,38.23,3.7,Zaid,Tripura
Wheat,37.62,151.52,Alluvial,62.02,13.23,Zaid,West Bengal.
Oilseeds,4.37,684.93,Red,51.39,8.86,Zaid,AndhraPradesh
Fruits,6.19,239.2,Alluvial,37.2,11.61,Kharif,AndhraPradesh
Pulses,41.17,797.58,Clay,4.92,3.4,Zaid,Sikkim
Wheat,33.78,147.75,Loamy,92.08,10.17,Rabi,Punjab
Barley,12.04,698.86,Clay,8.8,5.78,Zaid,Rajasthan
Rice,6.97,245.99,Laterite,37.99,10.74,Zaid,Bihar
Wheat,49.95,410.19,Laterite,37.19,1.49,Kharif,Kerala
Pulses,33.17,877.73,Sandy,83.45,12.8,Zaid,Kerala
Maize,34.04,315.4,Black,93.3,4.59,Zaid,UttarPradesh
Cotton,32.12,186.36,Laterite,65.06,4.88,Zaid,MadhyaPradesh
Pulses,48.27,722.25,Loamy,36.99,9.82,Kharif,Mizoram
Rice,34.6,525.14,Alluvial,99.65,6.72,Kharif,Gujarat
Rice,22.35,776.39,Sandy,96.33,10.88,Rabi,UttarPradesh
Vegetables,49.73,71.02,Loamy,42.02,0.74,Zaid,Nagaland
Rice,40.72,353.26,Peat,44.74,4.87,Zaid,Assam
Cotton,24.95,599.76,Clay,72.76,6.77,Rabi,Uttarakhand
Pulses,6.91,86.57,Clay,75.4,4.45,Kharif,Bihar
Oilseeds,30.91,476.49,Red,0.48,9.31,Zaid,Gujarat
Oilseeds,1.82,763.39,Red,69.75,12.87,Zaid,ArunachalPradesh
Rice,47.42,399.34,Sandy,57.63,10.53,Kharif,ArunachalPradesh
Vegetables,33.23,515.53,Saline,7.68,1.89,Zaid,Gujarat
Oilseeds,29.36,124.38,Peat,17.39,11.14,Kharif,Chhattisgarh
Vegetables,30.36,114.7,Loamy,80.19,0.73,Rabi,Gujarat
Vegetables,13.61,445.59,Alluvial,94.46,2.06,Rabi,Haryana
Pulses,45.26,610.91,Clay,57.39,6.89,Kharif,Manipur
Maize,2.71,721.06,Sandy,24.54,2.3,Rabi,Chhattisgarh
Rice,43.36,934.45,Sandy,98.47,5.19,Zaid,Uttarakhand
Rice,47.98,868,Alluvial,92.37,11.35,Zaid,Meghalaya
Maize,40.77,343.26,Alluvial,28.81,3.31,Kharif,Assam
Vegetables,14.93,48.49,Red,40.2,5.32,Rabi,Mizoram
Rice,12.63,211.96,Red,29.65,3.9,Kharif,West Bengal.
Sugarcane,38.14,149.76,Red,55.16,0.35,Zaid,Punjab
Cotton,14.76,848.17,Laterite,36.73,8.03,Kharif,Sikkim
Wheat,20.93,668.58,Black,21.71,4.53,Kharif,Karnataka
Fruits,8.99,89.13,Sandy,4.02,12.09,Rabi,Odisha
Cotton,36.96,115.55,Saline,83.8,12.72,Kharif,AndhraPradesh
Vegetables,4.9,876.08,Sandy,49.85,5.98,Kharif,Punjab
Cotton,36.67,160.4,Sandy,88.08,5.82,Kharif,Nagaland
Fruits,26.7,554.41,Loamy,98.33,8.8,Kharif,Assam
Wheat,39.78,600.28,Loamy,73.34,1.96,Zaid,Maharashtra
Oilseeds,48.15,615.13,Red,77.35,8.43,Kharif,AndhraPradesh
Sugarcane,30.44,282.46,Sandy,99.51,8.55,Rabi,Nagaland
Sugarcane,35.16,357.29,Laterite,64.32,7.06,Zaid,Rajasthan
Wheat,35.23,636.81,Black,5.78,5.98,Zaid,Tamil Nadu
Vegetables,49.22,709.02,Laterite,10.25,3.58,Rabi,Odisha
Vegetables,31.34,414.25,Alluvial,6.03,2.27,Zaid,Assam
Rice,11.28,162.84,Clay,3.44,6.16,Kharif,Manipur
Vegetables,34.25,925.1,Laterite,29.07,13.46,Kharif,Rajasthan
Sugarcane,31.23,587.12,Laterite,52.78,11.13,Rabi,Kerala
Sugarcane,39.5,248.47,Clay,29.65,1.84,Zaid,MadhyaPradesh
Maize,36.51,120.41,Saline,62.72,8.83,Zaid,Mizoram
Vegetables,35.46,368.36,Saline,44.84,12.36,Kharif,Meghalaya
Sugarcane,2.27,475.93,Clay,10.09,3.59,Rabi,Meghalaya
Pulses,7.96,703.73,Clay,33.57,9.11,Rabi,Manipur
Maize,6.01,845.54,Sandy,90.75,7.63,Kharif,Haryana
Oilseeds,25.15,545.39,Clay,24.92,9.03,Kharif,West Bengal.
Wheat,13.79,759.99,Loamy,39.88,3.89,Rabi,West Bengal.
Wheat,3.79,914.69,Laterite,84.62,3.7,Kharif,Tripura
Maize,35.03,750.13,Saline,38.39,11.54,Kharif,Maharashtra
Sugarcane,17.5,347.63,Peat,99.09,10.91,Kharif,Jharkhand
Rice,22.29,39.34,Peat,32.35,4.87,Zaid,Meghalaya
Oilseeds,2.87,864.75,Sandy,98.71,7.74,Zaid,West Bengal.
Maize,22.55,811.17,Alluvial,56.33,11.75,Kharif,Uttarakhand
Oilseeds,22.59,51.72,Loamy,39.74,1.05,Zaid,MadhyaPradesh
Cotton,10.1,395.99,Saline,48.5,1.34,Rabi,Chhattisgarh
Fruits,15.55,410.46,Alluvial,60.42,0.63,Rabi,Bihar
Sugarcane,38.92,246.87,Red,79.1,4.61,Rabi,Sikkim
Pulses,40.05,150.26,Alluvial,78.61,5.64,Zaid,Karnataka
Wheat,4.79,864.24,Red,26.72,11.17,Kharif,Mizoram
Pulses,32.97,641.77,Peat,58.18,5.78,Zaid,Assam
Cotton,4.36,848.13,Saline,62.56,13.39,Kharif,Tripura
Vegetables,28.83,852.19,Peat,11.29,3.52,Kharif,Nagaland
Vegetables,7.12,849.93,Laterite,92.27,10.09,Kharif,MadhyaPradesh
Vegetables,40.3,759.91,Peat,19.91,11.03,Zaid,HimachalPradesh
Sugarcane,7.23,857.17,Laterite,63.14,5.28,Rabi,Manipur
Barley,36.27,858.62,Sandy,99.22,13,Rabi,Uttarakhand
Pulses,20.5,919.66,Saline,7.71,0.05,Zaid,Haryana
Barley,10.15,535.96,Red,61.5,0.36,Kharif,Assam
Wheat,50,870.21,Loamy,76.43,0.29,Kharif,Jharkhand
Barley,44.58,343.85,Clay,74.66,1.01,Zaid,HimachalPradesh
Rice,28.15,404.64,Black,8.74,6.69,Rabi,Manipur
Vegetables,21.1,622.62,Laterite,3.09,4.33,Kharif,Tripura
Vegetables,29.42,945.44,Alluvial,49.43,0.13,Kharif,Nagaland
Maize,7.99,638.69,Black,63.19,11.95,Zaid,Goa
Vegetables,34.22,17.69,Clay,83.62,5.95,Kharif,Sikkim
Rice,26.18,648.22,Alluvial,23.9,12.18,Rabi,Manipur
Rice,47.54,291.12,Loamy,33.14,1.95,Kharif,Goa
Vegetables,14.34,481.67,Sandy,97.22,8.99,Rabi,Manipur
Pulses,31.77,608.51,Loamy,1.14,8.44,Zaid,ArunachalPradesh
Vegetables,33.91,244.1,Red,41.76,7.31,Zaid,Jharkhand
Vegetables,2.33,168.68,Laterite,72.85,7.02,Rabi,Telangana
Sugarcane,16.55,288.63,Loamy,49.96,5.46,Zaid,Rajasthan
Pulses,5.99,400.75,Laterite,20,13.14,Kharif,Uttarakhand
Vegetables,43.58,374.73,Clay,86.93,0.3,Rabi,Jharkhand
Rice,42.94,533.71,Clay,59.11,5.92,Rabi,Sikkim
Pulses,32.37,724.13,Red,78.71,6.04,Kharif,Mizoram
Cotton,43.58,73.77,Red,81.8,8.5,Zaid,Nagaland
Sugarcane,1.29,127.71,Peat,56.22,0.82,Rabi,Odisha
Sugarcane,2.63,504.3,Clay,6.94,8.26,Rabi,Goa
Pulses,19.04,262.98,Red,85.24,9.68,Kharif,Assam
Vegetables,37.56,322.49,Loamy,97.29,12.54,Zaid,Assam
Barley,4.48,612.13,Clay,81,1.48,Zaid,Rajasthan
Vegetables,47.15,368.86,Sandy,3.36,3.16,Zaid,Jharkhand
Barley,6.14,247.21,Saline,20.17,7.38,Rabi,Meghalaya
Sugarcane,11.91,607.67,Laterite,58.85,2.23,Rabi,HimachalPradesh
Sugarcane,8.02,689.81,Black,9.76,2.32,Zaid,Rajasthan
Barley,35.54,617.25,Clay,92.53,9.67,Kharif,Jharkhand
Fruits,41.8,183.85,Sandy,49.94,4.31,Zaid,Manipur
Pulses,6.72,884.66,Red,37.44,13.01,Kharif,West Bengal.
Sugarcane,0.75,985.61,Peat,98.01,4.38,Kharif,Uttarakhand
Sugarcane,5.56,595.6,Red,74.65,6.52,Zaid,Uttarakhand
Maize,32.71,67.02,Peat,30.1,3.17,Kharif,Tamil Nadu
Maize,40.99,105.27,Clay,53.5,3.81,Rabi,Rajasthan
Maize,14.85,133.46,Laterite,14.22,9.24,Zaid,Bihar
Rice,20.31,967.63,Loamy,7.52,1.06,Zaid,Bihar
Fruits,38.96,710.12,Saline,98.44,6.77,Zaid,UttarPradesh
Cotton,0.49,539.29,Laterite,47.48,2.42,Rabi,Odisha
Wheat,41.01,106.72,Red,29.43,12.96,Rabi,Maharashtra
Sugarcane,31.4,98.63,Laterite,90.65,9.61,Rabi,HimachalPradesh
Rice,49.38,969.18,Red,59.23,0.41,Kharif,Gujarat
Vegetables,21.72,227.41,Laterite,2.15,3.14,Kharif,Uttarakhand
Pulses,20.91,277.94,Loamy,86.85,6.44,Rabi,Punjab
Rice,49.52,436.76,Laterite,38.5,1.12,Rabi,Mizoram
Maize,32.12,140.71,Sandy,63.89,7.43,Kharif,Goa
Fruits,34.7,725.72,Clay,27.59,10.93,Kharif,Gujarat
Pulses,6.16,419.29,Peat,67.76,11.45,Kharif,Sikkim
Sugarcane,4.31,540.1,Clay,61.39,13.61,Rabi,Mizoram
Maize,37.78,603.78,Red,22.92,12.56,Kharif,UttarPradesh
Vegetables,32.62,987.44,Laterite,81.21,9.22,Rabi,Punjab
Vegetables,27.93,801.34,Laterite,93.7,11.65,Zaid,West Bengal.
Wheat,19.79,225.39,Sandy,70.92,2.25,Zaid,Haryana
Cotton,18.61,46.22,Laterite,26.27,5.3,Kharif,Haryana
Vegetables,43.55,977.88,Laterite,86.38,4.55,Kharif,Manipur
Sugarcane,16.94,681.79,Alluvial,6.31,0.3,Kharif,Telangana
Fruits,7.71,296,Loamy,4.35,0.59,Kharif,Gujarat
Rice,17.73,683.93,Laterite,11.58,10.2,Zaid,West Bengal.
Oilseeds,3.78,779.95,Peat,9.15,2.66,Zaid,Maharashtra
Wheat,39.41,293.89,Alluvial,50.08,6.52,Zaid,Karnataka
Vegetables,15.34,564.72,Black,31.44,10.95,Zaid,Sikkim
Oilseeds,2.56,509.59,Alluvial,29.85,7.48,Zaid,Assam
Vegetables,17.16,333.24,Sandy,87.83,10.54,Kharif,Jharkhand
Cotton,46.82,745.47,Peat,82.18,4.45,Rabi,Telangana
Barley,42.86,631.94,Clay,14.45,8.54,Kharif,Rajasthan
Wheat,10,820.22,Peat,62.9,10.55,Zaid,MadhyaPradesh
Fruits,20.59,243.63,Peat,78.54,7.53,Kharif,Kerala
Oilseeds,16.41,145.74,Black,61.61,4.54,Kharif,UttarPradesh
Cotton,16.17,776.99,Sandy,77.14,7.4,Kharif,Odisha
Sugarcane,0.34,431.33,Black,26.64,2.84,Rabi,Haryana
Cotton,43.03,856.8,Loamy,59.07,13.35,Rabi,Gujarat
Fruits,40.48,621.82,Peat,83.71,3.27,Rabi,Chhattisgarh
Sugarcane,26.9,724.04,Sandy,99.86,13.27,Rabi,UttarPradesh
Vegetables,0.82,498.86,Peat,55.14,11.73,Zaid,HimachalPradesh
Wheat,13.09,387.86,Sandy,42.25,2.6,Zaid,AndhraPradesh
Pulses,22.54,819.62,Black,29.61,8.4,Kharif,ArunachalPradesh
Pulses,3.4,132.55,Clay,89.95,6.3,Rabi,ArunachalPradesh
Vegetables,36.57,642.94,Peat,5.15,4.85,Kharif,Gujarat
Vegetables,4.25,235.57,Saline,80.48,1.3,Zaid,West Bengal.
Oilseeds,48.42,157,Black,0.26,7.23,Kharif,UttarPradesh
Rice,0.1,889.02,Black,71.93,5.34,Zaid,Telangana
Barley,45.85,161.14,Peat,41.2,1.35,Rabi,HimachalPradesh
Barley,42.3,641.84,Sandy,54.4,13.45,Rabi,Meghalaya
Vegetables,23.51,615.77,Clay,76.36,9.43,Zaid,West Bengal.
Pulses,40.15,152.61,Saline,2.24,9.56,Rabi,MadhyaPradesh
Oilseeds,27.76,401.4,Black,28.77,5.21,Kharif,Gujarat
Maize,46.65,81.42,Alluvial,18.46,3.04,Kharif,HimachalPradesh
Pulses,19.88,547.61,Peat,67.48,1.85,Kharif,Tripura
Fruits,23.03,682.06,Sandy,44.88,7.17,Rabi,ArunachalPradesh
Vegetables,2.13,70.49,Laterite,63.66,2.65,Rabi,Nagaland
Oilseeds,25.28,71.09,Sandy,41.15,5.36,Zaid,AndhraPradesh
Rice,41.15,745.65,Saline,61.3,2.24,Kharif,ArunachalPradesh
Vegetables,22.05,100.02,Saline,30.39,0.36,Kharif,Tripura
Vegetables,4.41,203.31,Sandy,44.17,12.71,Zaid,Kerala
Vegetables,27.19,719.7,Loamy,11.2,4.18,Rabi,Chhattisgarh
Oilseeds,36.28,406.13,Sandy,57.28,0.64,Rabi,UttarPradesh
Barley,44.38,449.24,Clay,50.3,8.99,Kharif,Karnataka
Maize,36.41,589.55,Saline,96.47,6.34,Kharif,Chhattisgarh
Fruits,16.19,924.6,Saline,17.5,12.77,Zaid,Kerala
Maize,31.36,966.81,Clay,79.49,2.45,Kharif,ArunachalPradesh
Fruits,12.05,828.22,Laterite,4.43,4.66,Kharif,Haryana
Sugarcane,47.94,443.25,Black,17.23,12.63,Rabi,West Bengal.
Fruits,18.29,563.42,Sandy,38.2,1.59,Zaid,Goa
Rice,1.2,884.45,Clay,10.73,11.26,Kharif,Meghalaya
Rice,2.5,851.17,Saline,82.8,13.86,Rabi,MadhyaPradesh
Oilseeds,11.17,218.41,Loamy,65.38,10.92,Zaid,Tripura
Cotton,10.78,346.16,Laterite,58.12,5.09,Kharif,Tripura
Fruits,10.47,258.1,Loamy,6.74,12.35,Kharif,Maharashtra
Maize,3.18,956.29,Red,73.45,13.72,Kharif,Meghalaya
Rice,29.96,442.71,Black,13.23,12.39,Kharif,Maharashtra
Cotton,32.21,52.15,Saline,49.49,2.64,Zaid,Bihar
Cotton,41.12,75.14,Red,20.4,9.87,Kharif,Punjab
Fruits,49.19,453.56,Peat,16.51,1.22,Kharif,Telangana
Oilseeds,4.76,999.97,Black,26.95,0.94,Rabi,Punjab
Maize,22.96,615.89,Black,21.72,0.86,Rabi,UttarPradesh
Rice,33.45,434.12,Alluvial,98.72,8.53,Kharif,Goa
Fruits,17.65,470.1,Loamy,10.61,12.4,Kharif,Uttarakhand
Oilseeds,28.03,81.17,Red,87.35,5.88,Rabi,MadhyaPradesh
Maize,34.21,235.32,Clay,5.28,12.43,Kharif,MadhyaPradesh
Sugarcane,43.62,534.35,Red,85.68,10.31,Rabi,Chhattisgarh
Vegetables,44.03,957.89,Red,4.33,13.96,Zaid,Odisha
Rice,2.06,819.2,Loamy,9.63,7.84,Kharif,Karnataka
Rice,3.6,270.95,Laterite,79.68,0.59,Zaid,UttarPradesh
Pulses,18.55,830.39,Saline,7.81,8.89,Zaid,Meghalaya
Vegetables,9.09,368.09,Laterite,30.07,1.53,Kharif,Mizoram
Cotton,40.02,766.54,Red,19.96,8.73,Kharif,MadhyaPradesh
Vegetables,42.82,499.95,Saline,10.7,13.56,Zaid,ArunachalPradesh
Vegetables,1.24,310.4,Clay,13.18,4.34,Rabi,Manipur
Fruits,7.51,555.28,Clay,81.11,13.19,Rabi,Rajasthan
Wheat,30.78,629.46,Sandy,0.23,7.29,Zaid,Tamil Nadu
Wheat,36.61,966.87,Peat,58.21,5.44,Zaid,HimachalPradesh
Fruits,36.51,99.14,Sandy,93.13,8.49,Rabi,Tamil Nadu
Oilseeds,0.65,299.51,Peat,64.29,9.86,Zaid,Tripura
Fruits,26.11,528.34,Peat,46.04,13.49,Kharif,MadhyaPradesh
Maize,40.37,391.06,Loamy,55.37,10.46,Kharif,Jharkhand
Wheat,8.31,633.84,Peat,94.32,2.69,Zaid,Chhattisgarh
Wheat,14.05,729.8,Saline,74.14,2.86,Zaid,Nagaland
Pulses,7.08,133.38,Alluvial,3.84,8.91,Rabi,West Bengal.
Sugarcane,11.59,122.63,Red,95.41,8.07,Rabi,Goa
Pulses,19.45,225.3,Red,84.34,13.96,Rabi,Telangana
Maize,49.28,30.89,Laterite,95.65,2.71,Zaid,Meghalaya
Barley,32.11,162.83,Saline,83.78,6.96,Rabi,Haryana
Cotton,49.66,940.18,Peat,26.96,7.64,Rabi,Manipur
Cotton,28.64,7.52,Loamy,24.23,3.97,Kharif,UttarPradesh
Barley,16.8,880.2,Black,96.53,13.75,Rabi,Gujarat
Pulses,33.4,784.43,Peat,21.56,11.86,Kharif,Jharkhand
Sugarcane,9.78,912.8,Laterite,33.87,10.11,Zaid,Chhattisgarh
Pulses,13.67,744.02,Red,67.9,12.66,Rabi,Kerala
Wheat,30.35,599.94,Sandy,20.29,13.44,Zaid,Gujarat
Cotton,45.82,767.72,Red,46.25,13.85,Rabi,Gujarat
Wheat,4.93,463.75,Black,77.54,12.64,Zaid,Uttarakhand
Rice,6.18,400.12,Saline,62.42,4.68,Rabi,Jharkhand
Vegetables,10.97,813.65,Sandy,23.94,8.54,Kharif,Sikkim
Maize,24.04,578.78,Sandy,34.94,3.25,Kharif,AndhraPradesh
Vegetables,8.06,117.16,Loamy,13.91,11.79,Kharif,MadhyaPradesh
Fruits,6.21,989.85,Red,2.76,3.46,Rabi,Sikkim
Fruits,3.18,194.73,Saline,53.83,7.69,Rabi,Gujarat
Pulses,37.15,176.71,Sandy,67.48,0.73,Rabi,Punjab
Vegetables,43.47,837.98,Alluvial,47.75,7.88,Rabi,Rajasthan
Pulses,37.57,171.86,Laterite,90.83,5.37,Kharif,Sikkim
Rice,28.37,769.32,Sandy,4.66,13.47,Zaid,Meghalaya
Rice,10.36,189.07,Saline,60.31,1.22,Kharif,ArunachalPradesh
Pulses,24.8,772.68,Red,84.15,11.3,Kharif,Meghalaya
Barley,32.73,798.24,Laterite,64.67,6.12,Kharif,Sikkim
Fruits,26.67,206.34,Loamy,14.38,6,Kharif,HimachalPradesh
Maize,38.88,535.94,Saline,85.51,13.85,Rabi,Punjab
Sugarcane,37.75,746.09,Red,4.79,1.56,Zaid,ArunachalPradesh
Fruits,2.08,743.13,Clay,15.08,5.61,Kharif,West Bengal.
Oilseeds,13.87,246.1,Alluvial,25.09,9.07,Rabi,Assam
Vegetables,32.03,305.86,Laterite,31.02,11.57,Kharif,AndhraPradesh
Sugarcane,16.26,227.19,Peat,14.88,6.49,Zaid,Manipur
Sugarcane,33.34,862.82,Alluvial,48.78,11.87,Rabi,AndhraPradesh
Wheat,13.56,185.15,Loamy,20.3,6.4,Kharif,Rajasthan
Sugarcane,31.51,974.32,Loamy,22.33,9.35,Kharif,Bihar
Maize,7.87,639.98,Peat,33.63,6.29,Zaid,Gujarat
Barley,47.05,517.21,Saline,25.95,7.96,Kharif,Tamil Nadu
Wheat,37.32,948.85,Peat,10.48,7.53,Kharif,Meghalaya
Maize,9.21,894.18,Peat,62.62,3.47,Rabi,Sikkim
Fruits,12.34,825.12,Loamy,6.73,9.75,Kharif,Tamil Nadu
Oilseeds,23.99,488.49,Sandy,20.15,1.64,Zaid,Kerala
Barley,35.23,407.31,Red,86.09,6.3,Rabi,ArunachalPradesh
Maize,6.13,89.42,Loamy,75.53,10.71,Kharif,Mizoram
Maize,34.05,513.19,Red,16.72,0.49,Rabi,Assam
Barley,46.18,451.95,Saline,54.84,5.1,Rabi,Kerala
Pulses,33.5,978.23,Laterite,62.34,12.47,Kharif,Tamil Nadu
Sugarcane,33.54,899.52,Red,10.34,7.5,Zaid,Odisha
Vegetables,1.06,437.75,Alluvial,70.71,1.42,Rabi,Assam
Cotton,23.97,567.99,Laterite,52.88,4.55,Zaid,Kerala
Vegetables,34.57,540.97,Peat,74.41,9.9,Kharif,Mizoram
Cotton,42.21,348.18,Sandy,28.72,13.66,Zaid,Sikkim
Sugarcane,37.73,413.72,Black,81.07,11.96,Rabi,Uttarakhand
Maize,33.66,387.9,Alluvial,71.46,8.52,Kharif,Maharashtra
Vegetables,37.86,591.61,Loamy,39.73,3.14,Kharif,West Bengal.
Sugarcane,17.11,126.38,Peat,44.77,7.42,Rabi,Tripura
Rice,37.59,10.61,Sandy,6.78,0.72,Rabi,Uttarakhand
Vegetables,30.87,832.02,Laterite,91.56,8.87,Rabi,Sikkim
Barley,46.39,968.95,Loamy,10.67,11.51,Zaid,UttarPradesh
Sugarcane,11.31,330.1,Red,52.14,3.7,Kharif,West Bengal.
Pulses,45.76,274.02,Laterite,8.25,6.22,Rabi,Sikkim
Maize,21.42,123.67,Saline,82.93,3.99,Zaid,Bihar
Cotton,1.87,835.82,Peat,7.29,3.36,Zaid,Tripura
Fruits,6.49,892.55,Loamy,31.96,3.23,Rabi,Mizoram
Oilseeds,7.8,746.14,Saline,52.79,7.7,Rabi,Sikkim
Pulses,37.42,135.54,Peat,12.57,2.72,Kharif,HimachalPradesh
Maize,20.07,656.01,Sandy,70.81,7.03,Rabi,Odisha
Cotton,47.29,854.39,Laterite,60.16,3.06,Rabi,Gujarat
Rice,13.29,654.54,Peat,54.3,10.78,Kharif,Nagaland
Oilseeds,32.49,781.44,Loamy,95.5,5.2,Zaid,Haryana
Fruits,27.99,653.49,Laterite,24.6,9.44,Kharif,Bihar
Maize,17.12,843.91,Alluvial,42.79,10.97,Rabi,Gujarat
Vegetables,48.27,879.23,Loamy,53.69,13.95,Rabi,Mizoram
Maize,48.81,256.55,Red,88.9,13.96,Kharif,Tamil Nadu
Sugarcane,21.72,335.35,Loamy,92.26,3.31,Kharif,MadhyaPradesh
Vegetables,4.88,578.05,Peat,34.82,4.86,Rabi,Tamil Nadu
Rice,25.15,937.03,Loamy,23.17,8.13,Rabi,Manipur
Sugarcane,7.76,806.81,Laterite,60.57,4.51,Kharif,ArunachalPradesh
Wheat,2.88,601.35,Saline,10.46,13.13,Zaid,Chhattisgarh
Vegetables,5.58,468.91,Laterite,79.24,2.67,Rabi,Haryana
Barley,45.42,21.12,Loamy,94,13.7,Rabi,Manipur
Sugarcane,21.42,443.36,Clay,6.63,11.78,Rabi,Tripura
Barley,5.62,413.8,Peat,35.82,10.84,Kharif,ArunachalPradesh
Barley,31.32,454.86,Saline,55.23,4.32,Kharif,MadhyaPradesh
Fruits,14.86,648.11,Red,28.52,5.43,Kharif,Nagaland
Wheat,16.11,837.47,Black,36.35,2.45,Zaid,Tamil Nadu
Maize,19.57,547.82,Red,39.79,11.63,Rabi,Rajasthan
Fruits,11.18,406.5,Sandy,52.96,9.6,Zaid,Rajasthan
Maize,49.17,889.15,Laterite,64.11,4.1,Kharif,HimachalPradesh
Barley,6.73,965.22,Peat,38.09,9.64,Kharif,AndhraPradesh
Pulses,45.52,825.8,Saline,44.68,2.64,Zaid,AndhraPradesh
Oilseeds,8,965.01,Red,37.04,11.32,Rabi,Uttarakhand
Rice,20.32,386.78,Loamy,34.22,1.08,Kharif,HimachalPradesh
Maize,36.74,434.41,Laterite,63.68,9.93,Kharif,Haryana
Fruits,25.81,915.61,Saline,77.91,13.88,Zaid,Odisha
Maize,48.05,902.24,Sandy,79.83,13.87,Zaid,Mizoram
Wheat,35.68,384.58,Laterite,46.29,6.62,Kharif,Kerala
Vegetables,3.04,604.78,Alluvial,89.98,12.07,Zaid,Telangana
Barley,33.07,892.16,Alluvial,75.31,11.36,Rabi,Mizoram
Barley,37,482.48,Laterite,65.39,11.09,Rabi,ArunachalPradesh
Wheat,26.16,101.4,Loamy,81.15,11.92,Rabi,Maharashtra
Wheat,25.3,900.17,Saline,1.82,2.45,Rabi,Bihar
Oilseeds,44.46,712.49,Alluvial,11.38,0.03,Zaid,Assam
Sugarcane,26.71,958.09,Laterite,43.97,4.51,Rabi,Goa
Maize,18.12,318.02,Clay,47.3,0.67,Rabi,Sikkim
Barley,32.19,687.57,Peat,1.12,4.02,Rabi,Manipur
Vegetables,42.34,416.54,Red,71.68,1.15,Kharif,Tripura
Fruits,3,637.53,Sandy,95.1,3.93,Kharif,Tamil Nadu
Pulses,44.51,790.35,Sandy,98.87,3.51,Rabi,Goa
Wheat,32.92,556.17,Black,42.36,0.02,Zaid,Kerala
Oilseeds,10.45,297.66,Laterite,1.7,5.2,Rabi,AndhraPradesh
Vegetables,11.21,362.34,Saline,99.01,2.86,Kharif,Goa
Rice,8.74,585.02,Alluvial,35.39,12.34,Kharif,Jharkhand
Fruits,34.76,779.8,Laterite,71.07,8.9,Kharif,MadhyaPradesh
Maize,33.99,383.84,Alluvial,39.59,12.64,Rabi,HimachalPradesh
Oilseeds,7.62,258.21,Loamy,59.69,8.91,Kharif,Meghalaya
Maize,24.87,89.56,Alluvial,87.49,7.18,Rabi,Rajasthan
Wheat,26.21,512.31,Alluvial,81.52,9.29,Kharif,Chhattisgarh
Maize,0.7,985.13,Peat,16.17,3.13,Kharif,Manipur
Wheat,49.15,940.4,Laterite,95.41,5.82,Rabi,Gujarat
Sugarcane,25.33,327.48,Peat,5.29,6.41,Kharif,Chhattisgarh
Oilseeds,21.15,135.65,Sandy,60.6,3.79,Zaid,Jharkhand
Oilseeds,16.4,797.31,Saline,53.1,13.86,Rabi,Jharkhand
Sugarcane,32.04,382.32,Loamy,35.27,0.64,Zaid,Haryana
Oilseeds,5,554.43,Saline,93.51,4.04,Rabi,Nagaland
Fruits,9.33,715.88,Clay,66.89,4.85,Rabi,UttarPradesh
Vegetables,15.43,686.35,Laterite,41.47,13.87,Kharif,UttarPradesh
Vegetables,16.71,4.47,Sandy,99.11,10.39,Rabi,Haryana
Vegetables,0.15,761.83,Sandy,10.63,10.74,Kharif,Tripura
Cotton,10.18,752.3,Saline,60.53,9.17,Kharif,Tamil Nadu
Maize,33.35,646.37,Alluvial,95.16,7.84,Rabi,Manipur
Wheat,44.56,54.35,Alluvial,42.08,8.53,Rabi,Karnataka
Wheat,38.24,136.13,Alluvial,95.41,3.61,Zaid,Jharkhand
Rice,28.36,840.13,Loamy,21.8,0.64,Zaid,Sikkim
Barley,7.92,569.41,Black,59.22,4.84,Zaid,Chhattisgarh
Cotton,4.99,341.54,Laterite,25.79,11.26,Kharif,Tripura
Rice,23.85,462.61,Laterite,52.95,10.36,Kharif,Karnataka
Barley,9.38,86.78,Clay,89.67,9.56,Zaid,Karnataka
Wheat,21.5,186.63,Black,76.02,13.83,Kharif,Meghalaya
Vegetables,23.04,367.77,Peat,77.75,13.2,Kharif,Jharkhand
Sugarcane,48.42,535.97,Laterite,76.51,2.04,Kharif,Haryana
Wheat,21.44,492.55,Black,45.7,3.24,Kharif,West Bengal.
Rice,6.46,421.72,Red,38.38,5.22,Zaid,Chhattisgarh
Vegetables,9.66,135.87,Clay,6.9,9.16,Kharif,Mizoram
Fruits,8.69,607.36,Sandy,94.62,10.77,Rabi,Meghalaya
Barley,41.27,984.86,Red,33.53,5.34,Zaid,ArunachalPradesh
Rice,19.52,452.34,Clay,10.46,5.9,Rabi,Haryana
Maize,7.8,378.58,Saline,44.49,5.7,Zaid,Punjab
Rice,27.7,49.25,Loamy,94.46,3.09,Kharif,UttarPradesh
Fruits,24.69,913.52,Alluvial,17.67,5.68,Kharif,Bihar
Wheat,24.67,129.55,Alluvial,39.85,0.54,Zaid,AndhraPradesh
Maize,2.39,106.56,Saline,99.43,2.31,Zaid,Rajasthan
Vegetables,21.81,92.9,Saline,22.25,11.88,Zaid,Telangana
Fruits,15.21,737.76,Clay,59.45,10.56,Zaid,Kerala
Rice,13.3,843.96,Alluvial,70.06,4.71,Rabi,Assam
Oilseeds,24.52,346.32,Laterite,13.98,1.64,Kharif,Mizoram
Pulses,0.1,845.75,Peat,12.85,12.31,Rabi,ArunachalPradesh
Barley,36.5,157.67,Loamy,77.12,8.23,Kharif,Assam
Sugarcane,35.23,548.17,Sandy,14.12,10.28,Zaid,UttarPradesh
Rice,19.23,995.56,Black,45.36,9.24,Rabi,West Bengal.
Wheat,8.52,178,Clay,69.41,0.85,Kharif,Telangana
Maize,28.35,624.19,Black,21.87,10.25,Kharif,Gujarat
Vegetables,33.14,432.18,Laterite,18.67,2.94,Kharif,UttarPradesh
Sugarcane,0.51,900.67,Laterite,64.84,13.22,Kharif,Goa
Sugarcane,12.84,892.72,Alluvial,14.3,8.62,Zaid,Chhattisgarh
Fruits,29.1,462.78,Sandy,85.21,5.81,Kharif,Tamil Nadu
Oilseeds,6.37,511.24,Clay,26.89,2.3,Kharif,Meghalaya
Pulses,5.23,790.39,Clay,92.69,10.16,Rabi,ArunachalPradesh
Maize,24.41,582.8,Alluvial,4.95,8.93,Kharif,Gujarat
Fruits,28.59,947.61,Black,50.05,9.65,Zaid,Maharashtra
Sugarcane,1.96,801.88,Alluvial,56.96,10.04,Kharif,Karnataka
Oilseeds,33.98,172.99,Sandy,96.91,9.27,Kharif,HimachalPradesh
Fruits,46.4,454.91,Red,64.2,3.33,Kharif,Sikkim
Rice,9.92,401.9,Peat,41.59,13.09,Rabi,Sikkim
Oilseeds,23.82,166.78,Peat,57.61,11.63,Zaid,Nagaland
Vegetables,11.65,795.96,Clay,96.65,5.57,Zaid,Goa
Rice,13.7,314.65,Black,49.33,13.51,Zaid,Bihar
Rice,42.06,578.75,Clay,28.55,7.27,Rabi,West Bengal.
Sugarcane,2.86,28.27,Clay,48.84,10.08,Rabi,Meghalaya
Vegetables,26.1,482.73,Black,43.75,9.12,Zaid,Rajasthan
Pulses,33.65,203.69,Saline,72.88,7.23,Rabi,Mizoram
Oilseeds,37.7,216.53,Red,39.91,4.92,Zaid,Nagaland
Vegetables,37.35,451.55,Peat,54.87,7.1,Rabi,HimachalPradesh
Vegetables,29.49,929.73,Alluvial,34.23,10.4,Kharif,Punjab
Oilseeds,20.84,135.64,Saline,71.45,10.57,Zaid,Odisha
Oilseeds,45.25,132.16,Black,56.35,3.24,Rabi,Gujarat
Pulses,5.73,638.98,Laterite,6,13.46,Rabi,Kerala
Fruits,44.67,404.88,Red,29.41,10.27,Rabi,Sikkim
Pulses,26.3,822.37,Peat,11.19,10.4,Rabi,Goa
Fruits,12.05,17.11,Peat,14.87,10.93,Kharif,MadhyaPradesh
Pulses,35.32,525.78,Peat,1.53,6.82,Zaid,Mizoram
Vegetables,35.48,735.8,Laterite,70.56,11.98,Rabi,Odisha
Pulses,18.27,275.96,Black,82.59,8.64,Rabi,Telangana
Vegetables,21.64,427.08,Peat,81.39,1.45,Rabi,Manipur
Pulses,27.12,926.04,Black,73.3,1.97,Zaid,Sikkim
Rice,27.77,807.89,Clay,87.85,8.02,Zaid,Manipur
Vegetables,17.59,959.91,Loamy,99.66,1.86,Zaid,Tripura
Wheat,37.92,211.26,Red,45.15,5.45,Zaid,Tamil Nadu
Oilseeds,38.92,330.1,Red,28.25,7.94,Kharif,West Bengal.
Cotton,40.55,901.25,Loamy,89.02,7.55,Kharif,AndhraPradesh
Pulses,40.27,377.46,Red,78.7,4.03,Zaid,Nagaland
Rice,14.73,124.14,Laterite,78.56,2.74,Rabi,AndhraPradesh
Sugarcane,30.58,865.96,Sandy,72.79,4.49,Kharif,UttarPradesh
Sugarcane,2.6,715.33,Saline,35.94,2.6,Zaid,AndhraPradesh
Maize,25.57,169.35,Loamy,97.01,2.92,Kharif,Meghalaya
Fruits,11.5,757.51,Peat,19.24,0.67,Zaid,Mizoram
Maize,44.24,591.16,Loamy,97.93,10.13,Kharif,ArunachalPradesh
Wheat,6.63,131.58,Loamy,98.1,10,Rabi,Rajasthan
Cotton,2.06,134.71,Saline,52.22,7.91,Kharif,Gujarat
Wheat,32.2,866.63,Alluvial,59.33,13.31,Rabi,UttarPradesh
Wheat,11.8,891.47,Peat,74.34,0.97,Rabi,Rajasthan
Cotton,48.66,814,Peat,2.77,8.75,Zaid,Kerala
Vegetables,4.31,710.7,Laterite,96.93,2.8,Rabi,Maharashtra
Rice,47.36,445.61,Black,69.26,9.12,Kharif,Chhattisgarh
Sugarcane,1.3,814.99,Sandy,86.93,7.91,Zaid,Punjab
Cotton,15.03,581.88,Red,16.8,0.07,Zaid,Sikkim
Fruits,48.98,837.7,Black,88.29,6.21,Rabi,Assam
Vegetables,2.13,141.43,Peat,56.43,8.71,Rabi,Chhattisgarh
Cotton,10.64,781.93,Red,33.68,4.24,Rabi,West Bengal.
Sugarcane,12.2,587.24,Alluvial,79.65,12.55,Rabi,Chhattisgarh
Maize,42.7,628.82,Clay,53.28,7.85,Rabi,Gujarat
Pulses,17.09,975.83,Sandy,14.91,0.63,Kharif,Assam
Fruits,46.52,402.35,Clay,52.22,8.66,Kharif,Maharashtra
Cotton,4.76,68.39,Sandy,79.28,8.96,Kharif,Chhattisgarh
Barley,5.98,577.08,Laterite,73.79,11.46,Zaid,Odisha
Barley,41.12,629.3,Saline,62.58,8.37,Rabi,Meghalaya
Pulses,27.54,537.53,Alluvial,22.44,2.25,Zaid,AndhraPradesh
Cotton,37.22,938.85,Black,31.37,6.16,Kharif,Tripura
Barley,41.5,911.62,Alluvial,92.51,3.58,Rabi,Sikkim
Maize,3.04,325.57,Saline,16.18,4.82,Zaid,Bihar
Oilseeds,32.81,747.22,Loamy,40.81,7.82,Rabi,UttarPradesh
Wheat,32.19,696.02,Peat,51.05,1.61,Rabi,Gujarat
Vegetables,43.13,835.35,Red,26.58,9.92,Zaid,Kerala
Barley,5.22,258.76,Sandy,15.64,11.41,Rabi,Uttarakhand
Barley,27.59,827.21,Loamy,96.01,1.1,Zaid,Punjab
Barley,17.03,216.97,Alluvial,57.22,6.67,Kharif,Rajasthan
Barley,36.07,369.94,Saline,22.15,13.66,Zaid,Tamil Nadu
Barley,20.74,452.97,Clay,55.09,3.68,Rabi,AndhraPradesh
Fruits,16.18,302.38,Red,1.47,13.57,Kharif,Mizoram
Maize,18.84,10.59,Alluvial,48.17,0.25,Kharif,Goa
Pulses,6.68,840.51,Laterite,54.64,3.69,Kharif,Uttarakhand
Wheat,17.35,778.84,Clay,8.95,11.97,Zaid,Haryana
Cotton,10.36,899.78,Sandy,56.95,9.28,Rabi,Mizoram
Cotton,32.94,648.09,Laterite,71.41,10.56,Rabi,Gujarat
Fruits,28.09,671.02,Laterite,86.42,3.33,Zaid,Bihar
Maize,5.95,100.09,Saline,82.43,12.95,Rabi,HimachalPradesh
Maize,41.11,79.01,Peat,25.36,6.45,Kharif,Karnataka
Pulses,10.59,896.84,Peat,67.61,4.68,Zaid,Mizoram
Wheat,22.15,510.05,Sandy,95.5,2.26,Kharif,Meghalaya
Sugarcane,9.85,321.2,Black,18.66,11.2,Kharif,Mizoram
Barley,46.22,95.97,Laterite,61.4,12.09,Zaid,Jharkhand
Pulses,39.16,10.87,Loamy,3.54,8.55,Zaid,Telangana
Wheat,25.74,261.11,Laterite,34.78,8.59,Rabi,Nagaland
Vegetables,49.31,907.96,Red,94,5.39,Kharif,Jharkhand
Rice,27.73,949.41,Sandy,69.52,9.27,Kharif,Assam
Fruits,40.76,475.77,Red,38.34,11.13,Kharif,Kerala
Maize,12.97,190.38,Alluvial,96.13,5.37,Kharif,Kerala
Barley,41.46,419.49,Clay,38.8,8.1,Rabi,Chhattisgarh
Sugarcane,23.7,522.46,Saline,65.41,7.21,Zaid,Karnataka
Pulses,38,665.78,Loamy,13.42,0.52,Kharif,Telangana
Sugarcane,30.66,132.87,Loamy,18.02,3.34,Zaid,Tamil Nadu
Rice,22.92,464.47,Saline,41.9,4.32,Kharif,Manipur
Pulses,21.91,519.52,Loamy,27.25,0.29,Rabi,UttarPradesh
Pulses,39.94,194.19,Clay,12.59,5.75,Zaid,ArunachalPradesh
Cotton,44.48,397.73,Red,90.45,12.04,Zaid,Jharkhand
Cotton,13.37,847.33,Laterite,39.49,12.12,Kharif,Odisha
Oilseeds,46.74,446.97,Laterite,44.21,7.36,Kharif,ArunachalPradesh
Sugarcane,21.54,303.03,Peat,13.8,0.92,Kharif,Uttarakhand
Fruits,36.14,874.65,Laterite,1.22,2.92,Rabi,AndhraPradesh
Wheat,17.4,741.9,Red,18.21,7.25,Rabi,Karnataka
Vegetables,15.69,717.6,Black,80.47,2.77,Zaid,Assam
Pulses,49.7,91.7,Sandy,1.04,5.04,Rabi,Assam
Rice,6.57,111.14,Laterite,36.18,2.81,Zaid,Odisha
Sugarcane,43.73,14.61,Alluvial,7.25,0.27,Zaid,Uttarakhand
Wheat,33.75,1.2,Alluvial,26.55,3.17,Zaid,Rajasthan
Pulses,36.65,554.01,Clay,28.31,2.72,Kharif,Tripura
Barley,17,666.5,Saline,49.37,8.49,Zaid,Assam
Barley,4.74,637.91,Red,8.76,8.95,Kharif,Bihar
Maize,41.51,301.33,Clay,99.83,12.82,Zaid,Chhattisgarh
Oilseeds,29.85,849.83,Loamy,92.07,7.46,Rabi,HimachalPradesh
Oilseeds,26.41,463.76,Saline,95.79,6.36,Rabi,Karnataka
Oilseeds,36.53,894.99,Loamy,62.37,8.73,Kharif,MadhyaPradesh
Oilseeds,41.27,299.22,Loamy,34.16,1.47,Kharif,Sikkim
Cotton,6.34,934.94,Red,62.63,3.31,Rabi,Jharkhand
Rice,41.6,145.21,Loamy,22.26,12.13,Rabi,Gujarat
Pulses,5.86,896.18,Loamy,19.05,7.23,Kharif,HimachalPradesh
Vegetables,35.68,866.05,Peat,96.05,4.25,Kharif,UttarPradesh
Vegetables,8.24,171.24,Black,19.52,1.72,Rabi,Manipur
Pulses,9.69,605.05,Sandy,69.57,6.03,Kharif,Rajasthan
Rice,4.17,828.7,Sandy,10.83,5.22,Zaid,Manipur
Rice,33.26,615.74,Red,81.74,2.13,Rabi,Uttarakhand
Barley,19.18,628.12,Saline,42.45,5.68,Rabi,Gujarat
Maize,33.22,800.98,Alluvial,18.93,7.57,Kharif,Gujarat
Maize,32.21,443.57,Alluvial,81.87,11.96,Kharif,Assam
Vegetables,13.07,230.36,Red,25.59,1.28,Kharif,Assam
Wheat,0.34,600.57,Clay,43.69,8.59,Kharif,Tripura
Vegetables,49.7,548.18,Loamy,91.21,13.37,Rabi,UttarPradesh
Vegetables,41.27,481.36,Peat,37.6,1.27,Rabi,UttarPradesh
Pulses,24.82,837.65,Black,87.35,1.12,Kharif,Chhattisgarh
Wheat,12.92,681.5,Sandy,75.74,10.43,Kharif,HimachalPradesh
Maize,12.82,32.76,Red,0.45,9.29,Kharif,Karnataka
Vegetables,43.83,391.14,Red,26.85,2.63,Rabi,Telangana
Vegetables,18.03,402.46,Saline,62.63,11.74,Zaid,Goa
Wheat,21.28,704,Black,32.75,13.01,Rabi,MadhyaPradesh
Maize,49.9,888.4,Clay,63.82,6.75,Kharif,Goa
Wheat,32.68,582.28,Clay,86.92,8.35,Zaid,Jharkhand
Wheat,3.35,838.9,Clay,4.31,8.39,Rabi,Bihar
Wheat,3.15,766.99,Alluvial,35.1,10.72,Rabi,Manipur
Oilseeds,7.18,269.11,Red,91.87,7.77,Rabi,Gujarat
Fruits,34.39,506.3,Sandy,16.3,3.71,Zaid,Tamil Nadu
Maize,33.38,129.4,Clay,58.69,6.1,Kharif,HimachalPradesh
Oilseeds,48.49,462.7,Sandy,56.89,2.2,Rabi,Gujarat
Barley,12.11,7.39,Sandy,65.63,0.38,Rabi,Odisha
Vegetables,47.41,447.51,Clay,85.31,2.29,Zaid,Punjab
Rice,34.22,436.3,Sandy,21.86,5.37,Zaid,AndhraPradesh
Pulses,27.02,612.32,Sandy,33.64,12.25,Rabi,Jharkhand
Cotton,21.02,599.61,Loamy,76.29,4.44,Rabi,Kerala
Oilseeds,22.89,544.02,Clay,92.67,9.48,Kharif,Bihar
Oilseeds,21.22,745.77,Alluvial,19.85,12.27,Kharif,UttarPradesh
Pulses,41.12,20.44,Peat,91.34,9.93,Zaid,ArunachalPradesh
Maize,16.21,480.59,Red,61.33,11.38,Rabi,Chhattisgarh
Sugarcane,28.81,50.12,Black,61.9,7.07,Rabi,Assam
Cotton,6.87,485.35,Saline,27.76,11.41,Rabi,Chhattisgarh
Vegetables,14.13,415.21,Laterite,80.87,13.82,Kharif,Manipur
Pulses,9.46,615.11,Alluvial,42.35,7.09,Kharif,Punjab
Oilseeds,49.63,47.85,Red,83.06,8.15,Kharif,Nagaland
Sugarcane,14.28,755.1,Red,1.9,12.51,Zaid,Rajasthan
Sugarcane,15.64,66.13,Alluvial,36.28,8.01,Kharif,Tripura
Vegetables,42.98,997.5,Black,11.92,9.71,Zaid,Uttarakhand
Vegetables,48.35,362.7,Saline,75.89,2.42,Kharif,MadhyaPradesh
Rice,35.69,64.87,Alluvial,17.04,6.27,Zaid,Assam
Maize,20.72,688.95,Saline,81.8,13.99,Kharif,Bihar
Oilseeds,8.95,871.48,Sandy,83,0.35,Rabi,Assam
Maize,4.85,515.63,Loamy,32.33,12.76,Rabi,Telangana
Oilseeds,30.35,949.84,Sandy,76.3,4.28,Rabi,Punjab
Vegetables,38.33,757.67,Peat,43.13,0.26,Kharif,Telangana
Vegetables,12.39,921.89,Sandy,22.96,6.39,Kharif,Uttarakhand
Fruits,20.6,213.25,Loamy,89.23,13.46,Zaid,Bihar
Cotton,44.83,372.52,Clay,66.81,2.1,Rabi,Bihar
Maize,38.76,481.49,Peat,71.85,1.44,Zaid,Assam
Cotton,21.15,983.23,Peat,61.35,13.21,Zaid,Tripura
Rice,9.85,927.31,Saline,89.88,5.22,Rabi,AndhraPradesh
Pulses,5.58,39.38,Red,12.37,9.72,Rabi,West Bengal.
Vegetables,43.95,514.59,Loamy,46.23,4.06,Zaid,Bihar
Vegetables,20,296.84,Red,90.77,10.54,Kharif,Haryana
Cotton,4.82,960.12,Alluvial,21.39,5.26,Kharif,Goa
Pulses,32.15,846.01,Saline,51.74,8.66,Rabi,MadhyaPradesh
Oilseeds,25.37,124.22,Loamy,8.57,0.58,Zaid,Bihar
Oilseeds,44.65,957.61,Peat,59.44,7.74,Rabi,AndhraPradesh
Cotton,40.04,296.01,Black,86.25,6.5,Zaid,Uttarakhand
Maize,4.5,662.92,Loamy,29.23,0.53,Kharif,Goa
Rice,42.11,624.9,Peat,76.13,2.03,Kharif,Kerala
Pulses,11.09,62.54,Loamy,12.81,12.66,Kharif,ArunachalPradesh
Pulses,33.39,52.53,Black,4.98,11.03,Rabi,Punjab
Rice,17.37,3.47,Black,87.23,4.81,Rabi,Nagaland
Sugarcane,12.61,109.16,Laterite,55.55,11.69,Kharif,MadhyaPradesh
Fruits,2.54,846.62,Peat,83.84,9.35,Zaid,MadhyaPradesh
Maize,36.64,244.73,Alluvial,64.53,4.54,Rabi,West Bengal.
Barley,34.15,438.51,Sandy,65.65,4.45,Zaid,Chhattisgarh
Pulses,16.18,971.2,Red,96.94,12.64,Kharif,Assam
Wheat,26.66,205.47,Loamy,66.06,0.23,Kharif,Tripura
Oilseeds,27.25,973.74,Loamy,94.21,6.5,Kharif,Maharashtra
Barley,14.41,699.6,Red,38.56,9.78,Zaid,Uttarakhand
Fruits,3.41,130.63,Laterite,56.86,1.77,Kharif,Chhattisgarh
Oilseeds,8.09,121.36,Peat,23.66,1.43,Rabi,Rajasthan
Maize,46.92,712.5,Red,62.03,0.88,Zaid,Goa
Pulses,29.36,973.61,Laterite,74.31,7.43,Rabi,Rajasthan
Wheat,26.18,186.42,Alluvial,85.78,4.31,Kharif,Gujarat
Wheat,39.84,774.06,Peat,92.9,4.75,Kharif,Chhattisgarh
Barley,46.1,244.52,Sandy,86.82,2.02,Kharif,Chhattisgarh
Barley,17.45,73.25,Loamy,27.13,5.59,Zaid,AndhraPradesh
Wheat,22.67,563.87,Peat,1.23,12.62,Kharif,Tamil Nadu
Vegetables,44.04,74.9,Saline,71.73,4.11,Rabi,Tripura
Maize,40.89,74.27,Peat,89.72,3.16,Rabi,Telangana
Vegetables,6.18,722.7,Peat,36.8,4.16,Rabi,Assam
Barley,11.26,783.77,Saline,80.01,10.2,Rabi,Manipur
Vegetables,41.18,818.58,Alluvial,85.96,8.95,Rabi,MadhyaPradesh
Sugarcane,13.86,662.11,Saline,69.45,1.08,Rabi,Tamil Nadu
Cotton,43.38,504.64,Sandy,64.42,9.66,Kharif,AndhraPradesh
Wheat,24.58,800.23,Saline,97.95,11.19,Rabi,Uttarakhand
Rice,4.49,213.27,Loamy,40.83,7.51,Rabi,Tamil Nadu
Rice,16.82,989.24,Clay,10.81,0.5,Kharif,Odisha
Oilseeds,31.34,561.6,Clay,8.24,11.72,Kharif,Nagaland
Sugarcane,46.77,624.05,Alluvial,32.57,8.94,Rabi,AndhraPradesh
Sugarcane,41.15,711.46,Alluvial,28.99,9.36,Zaid,Goa
Cotton,38.51,951.38,Alluvial,66.03,7.05,Rabi,MadhyaPradesh
Cotton,1.75,975.51,Clay,88.23,1.03,Rabi,AndhraPradesh
Maize,10.89,113.83,Loamy,24.29,2.09,Zaid,Uttarakhand
Maize,39.82,465.84,Sandy,4.46,4.47,Zaid,HimachalPradesh
Fruits,39.01,812.97,Peat,71.39,0.72,Zaid,Gujarat
Wheat,31.14,830.84,Saline,19.57,11.35,Kharif,ArunachalPradesh
Barley,44.7,782.03,Laterite,72.02,2.24,Rabi,West Bengal.
Vegetables,49.19,725.6,Clay,97.7,7.5,Zaid,UttarPradesh
Fruits,32.02,389.93,Laterite,11.96,6.11,Kharif,Tripura
Oilseeds,29.32,572.88,Saline,64.37,3.09,Zaid,Uttarakhand
Cotton,11.39,655.46,Alluvial,28.07,5.52,Kharif,Uttarakhand
Rice,5.38,886.87,Black,38.62,13.28,Rabi,Uttarakhand
Cotton,46.59,444.66,Loamy,41.29,8.55,Rabi,Mizoram
Sugarcane,9.58,987.48,Peat,54.66,10.18,Rabi,Meghalaya
Wheat,22.24,804.22,Clay,73.41,9.39,Zaid,Mizoram
Barley,37.85,870.93,Alluvial,52.3,11.59,Zaid,Tamil Nadu
Vegetables,49.96,991.43,Laterite,39.67,2.55,Zaid,ArunachalPradesh
Barley,38.09,647.06,Black,29.73,3.35,Rabi,Bihar
Vegetables,24.93,246.81,Laterite,62.33,6.27,Zaid,Punjab
Barley,21.41,488.43,Saline,78.87,0.97,Kharif,Tamil Nadu
Vegetables,24.87,385.39,Saline,80.29,6.97,Rabi,Nagaland
Rice,26.22,656.12,Peat,8.69,7.44,Rabi,Haryana
Oilseeds,43.89,560.03,Saline,82.45,6.37,Kharif,Assam
Barley,44.69,663.92,Clay,39.41,10.77,Rabi,Maharashtra
Sugarcane,1.54,385.91,Peat,87.31,9.99,Kharif,Karnataka
Maize,33.57,965.96,Sandy,58.71,6.48,Rabi,Odisha
Oilseeds,42.29,686.72,Saline,40.68,4.11,Kharif,Goa
Cotton,43.05,897.61,Saline,24.01,8.7,Rabi,Goa
Oilseeds,17.89,495.46,Black,28.16,3.98,Rabi,Sikkim
Barley,33.44,486.7,Red,22.19,1.97,Kharif,Mizoram
Maize,10.8,216.19,Sandy,68.84,10.17,Zaid,Kerala
Vegetables,24.64,11.95,Black,36.1,0.24,Zaid,Nagaland
Rice,2.22,537.25,Sandy,14.46,9.43,Rabi,Karnataka
Wheat,44.2,398.2,Alluvial,24.06,11.13,Rabi,Haryana
Vegetables,49.44,874.53,Loamy,91.03,11.36,Zaid,Punjab
Wheat,39.56,358.36,Red,67.3,12.41,Kharif,Chhattisgarh
Cotton,21.56,569.85,Loamy,79.6,9.38,Zaid,ArunachalPradesh
Cotton,44.97,525.53,Peat,24.47,1.8,Zaid,Haryana
Fruits,37.53,626.17,Red,72.79,10.38,Rabi,Sikkim
Sugarcane,9.37,93.31,Loamy,36.4,7.99,Zaid,Bihar
Sugarcane,17.77,794.08,Loamy,61.22,10.46,Kharif,Maharashtra
Barley,13.53,494.37,Black,81.26,2.23,Rabi,Rajasthan
Rice,6.94,325.05,Alluvial,63.79,10.4,Kharif,Punjab
Wheat,39.73,465.87,Sandy,65.5,13.34,Kharif,Bihar
Wheat,22.37,336.36,Peat,76.8,5.08,Kharif,Chhattisgarh
Maize,26.27,401.49,Laterite,10.19,13.57,Rabi,Karnataka
Sugarcane,2.39,559.87,Clay,9.09,0.02,Zaid,Karnataka
Rice,29.32,582.99,Laterite,93.6,11.84,Kharif,Odisha
Barley,7.16,674.33,Sandy,27.71,13.47,Rabi,Telangana
Fruits,36.91,951.13,Loamy,68.89,12.4,Kharif,Bihar
Pulses,26.71,301.4,Loamy,54.45,12.23,Zaid,MadhyaPradesh
Rice,39.43,953.67,Red,39.86,3.73,Rabi,Goa
Cotton,29.67,26.57,Loamy,30.37,4.41,Rabi,MadhyaPradesh
Maize,43.34,414.55,Sandy,11.52,3.01,Zaid,Sikkim
Barley,18.42,893.46,Red,24.91,11.26,Zaid,Karnataka
Oilseeds,10.88,197.19,Alluvial,51.15,1.54,Zaid,AndhraPradesh
Sugarcane,29.08,259.83,Peat,78.78,11,Rabi,Nagaland
Barley,6.33,742.48,Loamy,16.49,12.2,Kharif,Goa
Rice,43.74,700.04,Red,16.29,9.49,Rabi,AndhraPradesh
Barley,37.96,966.31,Laterite,0.6,4.22,Zaid,Manipur
Sugarcane,27.4,452.95,Peat,93.07,4.47,Zaid,Bihar
Rice,30.01,292.79,Laterite,21.44,1.91,Zaid,Haryana
Wheat,25.55,843.96,Laterite,41.2,5,Rabi,Nagaland
Wheat,12.39,575.9,Sandy,89.37,0.84,Rabi,West Bengal.
Rice,15.6,727.55,Clay,68.33,11.36,Zaid,Tamil Nadu
Maize,10.41,169.95,Loamy,60.36,13.09,Kharif,Jharkhand
Wheat,35.72,314.65,Loamy,94.22,12.76,Kharif,UttarPradesh
Wheat,43.39,786.04,Saline,52.42,3.13,Zaid,Uttarakhand
Vegetables,8.67,65.79,Peat,58.64,1.2,Zaid,Chhattisgarh
Cotton,48.21,673.44,Red,70.03,9.71,Rabi,MadhyaPradesh
Sugarcane,31.09,508.35,Alluvial,59.48,10.44,Zaid,Tripura
Rice,48.64,738.95,Black,40.98,3.89,Rabi,UttarPradesh
Maize,40.6,864.38,Black,65.89,10.27,Kharif,Telangana
Barley,30.41,200.16,Loamy,38,11.69,Kharif,Assam
Pulses,1.79,889.01,Laterite,16.48,13.45,Zaid,Maharashtra
Barley,34.55,87.86,Red,42.05,11.77,Zaid,Kerala
Cotton,2.52,316.5,Loamy,86.29,1.22,Kharif,ArunachalPradesh
Vegetables,27.95,890.03,Black,26.57,11.48,Zaid,ArunachalPradesh
Wheat,13.11,725.75,Peat,68.86,4.8,Rabi,Mizoram
Wheat,34.27,865.87,Alluvial,61.79,1.46,Zaid,Karnataka
Cotton,21.47,110.38,Laterite,49.33,7.11,Kharif,Punjab
Rice,36.25,873.58,Red,64.2,5.89,Kharif,Tamil Nadu
Pulses,25.67,852.61,Saline,84.8,5.95,Kharif,HimachalPradesh
Vegetables,41.15,416.94,Sandy,52.92,2.41,Rabi,Goa
Rice,12.85,494.24,Alluvial,61.64,9.35,Rabi,Chhattisgarh
Barley,3.68,838.57,Red,49.51,3.17,Zaid,Telangana
Sugarcane,36.93,213.14,Saline,86.86,2.56,Rabi,Punjab
Oilseeds,6.18,124.48,Saline,81.67,11.1,Rabi,Tamil Nadu
Oilseeds,14.74,89.85,Peat,24.05,9.9,Zaid,Jharkhand
Barley,26.36,51.97,Red,89.6,13.04,Kharif,Karnataka
Maize,8.02,2.87,Peat,86.66,9.79,Zaid,MadhyaPradesh
Sugarcane,6.26,796.58,Red,62.06,7.91,Zaid,Uttarakhand
Vegetables,39.01,896.58,Peat,14.25,9,Rabi,Uttarakhand
Cotton,45.93,925.43,Red,1.13,6.01,Rabi,Haryana
Cotton,20.85,128.2,Alluvial,49.07,6.15,Kharif,West Bengal.
Fruits,46.16,853.64,Black,20.75,10.67,Kharif,MadhyaPradesh
Oilseeds,5.67,692.11,Laterite,30.51,4.44,Zaid,West Bengal.
Pulses,33.56,463.77,Black,10.13,6.52,Zaid,Jharkhand
Pulses,3.86,462.99,Saline,98.14,7.76,Zaid,Goa
Rice,42.25,819.27,Peat,36.12,0.31,Rabi,HimachalPradesh
Wheat,14.73,591.53,Alluvial,68.04,5.64,Zaid,Nagaland
Cotton,19.13,910.07,Laterite,87.3,12.7,Kharif,Tripura
Wheat,43.14,12.44,Laterite,10.68,7.43,Zaid,Assam
Fruits,26.75,221.24,Peat,70.33,8.1,Zaid,Odisha
Oilseeds,45.35,507.41,Saline,44.56,6.47,Zaid,Rajasthan
Sugarcane,4.51,503.02,Clay,4.78,8.18,Rabi,Bihar
Cotton,17.14,462.82,Alluvial,31.56,11.59,Kharif,Meghalaya
Sugarcane,38.3,476.53,Alluvial,37.93,4.98,Kharif,Bihar
Rice,37.46,845.57,Sandy,50.99,5.57,Zaid,Maharashtra
Fruits,28.18,38.92,Loamy,31.11,9.95,Rabi,Bihar
Wheat,7.65,913.64,Red,14.12,0.02,Zaid,Odisha
Sugarcane,15.02,503.08,Black,50.41,5.77,Rabi,AndhraPradesh
Maize,35.05,742.56,Loamy,77.96,12.6,Zaid,Tamil Nadu
Vegetables,13.68,570.94,Peat,27.18,3.69,Zaid,Bihar
Barley,38.93,126.7,Black,80.64,4.9,Kharif,AndhraPradesh
Cotton,1.16,890.12,Peat,18.42,3.52,Rabi,Maharashtra
Barley,21.05,645.12,Peat,75.23,1.14,Rabi,Odisha
Cotton,28.4,334.15,Loamy,30.76,5.83,Rabi,MadhyaPradesh
Barley,6.99,422.11,Peat,60.05,0.92,Zaid,Telangana
Sugarcane,10.68,902.93,Red,48.68,10.63,Zaid,Telangana
Fruits,15.2,992.99,Black,62.45,7.49,Kharif,ArunachalPradesh
Vegetables,36.88,110.92,Saline,23.53,5.23,Kharif,Jharkhand
Rice,47.64,862.82,Laterite,70.52,1.01,Rabi,Bihar
Vegetables,40.16,443.96,Loamy,99.47,13.42,Rabi,HimachalPradesh
Pulses,38.81,134.65,Black,99.91,2.2,Kharif,Chhattisgarh
Rice,2.79,603.35,Loamy,73.92,11.12,Kharif,Manipur
Barley,6.44,172.74,Clay,60.61,12.17,Zaid,AndhraPradesh
Wheat,24.13,292.43,Peat,99.17,13.39,Zaid,Tripura
Wheat,3.52,670.34,Sandy,58.01,6.35,Zaid,Odisha
Barley,24.85,708.36,Saline,7.75,13.82,Rabi,Tamil Nadu
Sugarcane,30.1,533.17,Peat,11.85,13.24,Kharif,Tamil Nadu
Rice,23.36,904.07,Laterite,27.11,3.88,Zaid,Telangana
Barley,43.44,503.47,Red,69.25,8.04,Zaid,Tripura
Pulses,6.49,885.08,Alluvial,73.51,8.65,Kharif,Rajasthan
Oilseeds,17.32,703.4,Laterite,73.69,10.56,Zaid,Goa
Wheat,41.31,785.81,Sandy,51.03,6.17,Kharif,MadhyaPradesh
Cotton,8.76,918.31,Red,84.05,13.97,Zaid,Jharkhand
Oilseeds,27.8,606.23,Clay,28.35,3.02,Kharif,Maharashtra
Sugarcane,44.65,479.41,Loamy,22.67,0.35,Kharif,HimachalPradesh
Barley,15.87,108.37,Laterite,58.84,9.18,Kharif,Kerala
Rice,17.22,344.76,Clay,57.16,13.52,Rabi,Tripura
Rice,42.52,349.82,Sandy,1.03,2.53,Zaid,Tripura
Pulses,18.88,389.8,Saline,94.8,0.47,Rabi,Tripura
Barley,13.42,98.85,Alluvial,44.93,9.05,Zaid,Tripura
Maize,31.72,56.72,Alluvial,4.3,10.31,Kharif,Goa
Barley,1.46,524.81,Clay,94.33,11.43,Zaid,Odisha
Fruits,32.31,428.71,Saline,58.37,1.98,Rabi,Sikkim
Fruits,11.47,58.1,Laterite,75.54,7.04,Rabi,Rajasthan
Fruits,9.43,155.65,Alluvial,23.42,2.06,Zaid,Rajasthan
Sugarcane,31.65,999.78,Peat,72.24,7.97,Kharif,Gujarat
Rice,42.12,298.07,Saline,12.89,3.58,Zaid,Punjab
Barley,49.68,547.81,Peat,25.29,4.63,Zaid,MadhyaPradesh
Vegetables,27.81,581.96,Saline,83.27,3.25,Rabi,Punjab
Cotton,17.56,849.86,Alluvial,42.33,11.87,Kharif,Rajasthan
Pulses,43.17,63.46,Loamy,13.97,8.21,Rabi,Uttarakhand
Pulses,4.34,693.23,Laterite,28.26,3.05,Zaid,Assam
Pulses,25.69,796.95,Laterite,44.96,4.3,Rabi,Tamil Nadu
Maize,1.21,694.3,Loamy,84.35,5.39,Kharif,Telangana
Wheat,31.6,457.29,Loamy,31.45,10.72,Zaid,HimachalPradesh
Wheat,9.48,744.8,Black,46.5,5.78,Kharif,Mizoram
Barley,41.56,928.04,Red,14.74,3.27,Kharif,Telangana
Maize,31.25,415.24,Loamy,70.16,13.91,Zaid,HimachalPradesh
Barley,29.57,82.39,Sandy,54.28,2.13,Kharif,Punjab
Pulses,7.28,850.84,Sandy,5.41,7.43,Rabi,HimachalPradesh
Oilseeds,25.29,216.46,Clay,97.87,6.07,Rabi,Odisha
Fruits,16.1,48.44,Saline,29.75,12.52,Zaid,West Bengal.
Pulses,9.84,469.55,Sandy,20.66,10.52,Zaid,Haryana
Sugarcane,37.76,401.47,Laterite,70.99,1.8,Kharif,West Bengal.
Vegetables,16.11,350.18,Alluvial,66.16,7.38,Zaid,Sikkim
Pulses,13.78,412.94,Sandy,92.27,13.09,Zaid,Goa
Oilseeds,40.29,192.05,Loamy,26.28,0.51,Kharif,Meghalaya
Cotton,42.94,207.03,Loamy,76.7,9.73,Zaid,Odisha
Barley,10.2,644.24,Loamy,81.23,12.33,Kharif,ArunachalPradesh
Sugarcane,35.16,965.79,Saline,52.69,5.52,Kharif,Gujarat
Maize,22.35,858.68,Loamy,74.96,10.84,Zaid,Bihar
Oilseeds,48.45,121.4,Saline,4.4,1.65,Kharif,Kerala
Barley,19.71,619.65,Loamy,25.1,0.36,Zaid,UttarPradesh
Vegetables,36.04,881.05,Loamy,89.06,5.59,Rabi,Uttarakhand
Vegetables,39.51,658.35,Peat,77.71,11.07,Kharif,Odisha
Wheat,34.75,934.78,Sandy,18.44,11.54,Kharif,Nagaland
Sugarcane,27.66,319.55,Red,99.45,2.64,Zaid,Rajasthan
Cotton,12.05,839.29,Loamy,31.16,6.1,Zaid,UttarPradesh
Sugarcane,42.96,349.31,Alluvial,74.92,2.74,Zaid,Nagaland
Maize,30.98,251.76,Red,84.82,7.29,Zaid,ArunachalPradesh
Rice,37.44,491.26,Sandy,86.68,3.49,Kharif,Mizoram
Pulses,8.84,589.26,Red,82.93,13.81,Rabi,Gujarat
Sugarcane,6.01,628.96,Peat,82.84,11.43,Rabi,Mizoram
Fruits,6.92,545.45,Peat,41.51,13.19,Zaid,AndhraPradesh
Cotton,48.09,934.15,Clay,5.04,7.01,Rabi,Rajasthan
Sugarcane,44.2,980.49,Peat,37.43,8.26,Rabi,Nagaland
Wheat,6.79,639.53,Black,31.77,11.65,Zaid,Gujarat
Vegetables,39.81,933.08,Peat,85.84,2.65,Zaid,Assam
Sugarcane,41.45,126.65,Black,50.02,5.97,Rabi,HimachalPradesh
Fruits,42.46,525.97,Alluvial,72.02,11.69,Zaid,Mizoram
Wheat,43.25,749.3,Black,48.39,3.24,Rabi,Meghalaya
Pulses,39.89,906.11,Clay,53.96,5.81,Kharif,Uttarakhand
Pulses,27.7,471.9,Laterite,69.79,7.31,Zaid,Rajasthan
Wheat,16.14,972.83,Peat,30.97,8.73,Kharif,West Bengal.
Cotton,28.74,921.43,Clay,16.57,12.05,Rabi,Punjab
Vegetables,13.81,611.91,Black,55.79,4.79,Kharif,Telangana
Cotton,27.46,994.02,Clay,11.69,2.49,Kharif,Kerala
Sugarcane,43.44,766.44,Alluvial,28.69,9.18,Zaid,Karnataka
Vegetables,36.12,872.48,Loamy,64.66,0.54,Zaid,Gujarat
Vegetables,49.72,391.63,Saline,18.22,9.86,Zaid,Gujarat
Vegetables,27.37,237.42,Peat,61.88,13.66,Kharif,Maharashtra
Vegetables,32.34,791.53,Black,77.8,1.4,Kharif,Uttarakhand
Sugarcane,24.32,596.35,Loamy,13.73,11.94,Rabi,Tripura
Vegetables,37.37,435.36,Peat,98.02,10.9,Kharif,MadhyaPradesh
Rice,37.92,876.39,Sandy,0.38,3.72,Zaid,Sikkim
Sugarcane,8.77,88.7,Sandy,19.49,3.68,Kharif,Rajasthan
Sugarcane,11.85,174.82,Alluvial,14.83,11.79,Rabi,Kerala
Cotton,47.12,435.43,Black,30.24,2.96,Kharif,Goa
Cotton,9.84,609.4,Alluvial,7.27,4.54,Kharif,Manipur
Fruits,18.48,403.23,Sandy,31.6,7.02,Zaid,Mizoram
Barley,14.36,211.38,Black,43.48,3.09,Zaid,Kerala
Wheat,39.33,296.15,Clay,61.27,8.75,Kharif,Sikkim
Cotton,1.64,197.39,Peat,95.23,13.02,Kharif,Jharkhand
Barley,46.64,507,Alluvial,51.98,9.12,Zaid,Maharashtra
Cotton,20.41,372.36,Peat,79.84,9.72,Kharif,West Bengal.
Oilseeds,5.03,729.55,Laterite,31.24,11.12,Rabi,ArunachalPradesh
Oilseeds,19.4,554.96,Peat,1.06,5.96,Zaid,Tamil Nadu
Cotton,5.04,556.69,Alluvial,82.66,9.11,Zaid,MadhyaPradesh
Wheat,30.18,411.8,Loamy,75.71,2.83,Kharif,Rajasthan
Sugarcane,38.67,878.86,Peat,80.32,0.57,Zaid,AndhraPradesh
Rice,27.14,55.73,Sandy,17.23,6.18,Kharif,Manipur
Rice,43.86,215.09,Clay,85.21,0.26,Kharif,MadhyaPradesh
Vegetables,6.95,448.88,Clay,82.83,2.49,Zaid,Mizoram
Maize,33.73,33.64,Red,56.73,8.06,Zaid,Jharkhand
Wheat,26.53,486.18,Alluvial,11.11,2.43,Kharif,Uttarakhand
Pulses,15.78,171.36,Loamy,33.1,10.52,Kharif,AndhraPradesh
Fruits,27.32,432.36,Alluvial,52.87,4.84,Kharif,Rajasthan
Wheat,49.74,207.4,Peat,27.04,2.14,Zaid,Jharkhand
Wheat,31.79,876.11,Saline,81.61,10.56,Zaid,Assam
Pulses,29.76,563.17,Sandy,0.92,10.44,Zaid,Uttarakhand
Oilseeds,6.55,962.84,Loamy,47.65,13.37,Rabi,Mizoram
Barley,14.89,162.38,Black,97.37,12.67,Rabi,ArunachalPradesh
Vegetables,35.32,836.67,Sandy,53.23,5.4,Rabi,Uttarakhand
Barley,25.5,915.08,Red,3.7,11.59,Rabi,AndhraPradesh
Fruits,28.92,592.77,Laterite,32.21,13.31,Kharif,West Bengal.
Vegetables,39.03,209.52,Sandy,10.68,4.27,Kharif,Kerala
Fruits,24.04,574.05,Saline,92.72,5.88,Zaid,Nagaland
Vegetables,9.55,122.54,Laterite,0.14,10.8,Zaid,Bihar
Wheat,7.79,759.7,Loamy,63.72,4.01,Kharif,Maharashtra
Fruits,16.39,123.28,Saline,87.81,12.31,Rabi,Tamil Nadu
Cotton,16.03,365.51,Loamy,34.83,4.33,Kharif,ArunachalPradesh
